{
  "model/models-dbg.js": 1614194719304,
  "controller/Main.controller.js": 1614194719304,
  "model/models.js": 1614194719304,
  "manifest.json": 1614194857933,
  "Component.js": 1614194719300,
  "manifest-bundle.zip": 1614194857616,
  "Component-preload.js": 1614194857904,
  "controller/Main-dbg.controller.js": 1614194719304,
  "i18n/i18n.properties": 1614194719300,
  "Component-dbg.js": 1614194719300,
  "resources.json": 1614194857935,
  "view/Main.view.xml": 1614194816943,
  "css/style.css": 1614194719300,
  "index.html": 1614194719300
}